{
  "biomes": {
    "default": {
      "fog_identifier": "universalpack:custom_fog_default",
      "inherit_from_prior_fog": true,
      "water_surface_color": "#F5C6F0",
      "water_surface_transparency": 0.50,
      "water_fog_color": "#F5C6F0",
      "water_fog_distance": 35
    },
    "plains": {
      "fog_identifier": "universalpack:custom_fog_plains",
      "inherit_from_prior_fog": true,
      "water_surface_color": "#F5C6F0",
      "water_surface_transparency": 0.50,
      "water_fog_color": "#F5C6F0"
    },
    "sunflower_plains": {
      "fog_identifier": "universalpack:custom_fog_sunflower_plains",
      "inherit_from_prior_fog": true,
      "water_surface_color": "#F5C6F0",
      "water_surface_transparency": 0.50,
      "water_fog_color": "#F5C6F0"
    },
    "desert": {
      "fog_identifier": "universalpack:custom_fog_desert",
      "inherit_from_prior_fog": true,
      "water_surface_color": "#F5C6F0",
      "water_surface_transparency": 0.50,
      "water_fog_color": "#F5C6F0"
    },
    "extreme_hills": {
      "fog_identifier": "universalpack:custom_fog_extreme_hills",
      "inherit_from_prior_fog": true,
      "water_surface_color": "#F5C6F0",
      "water_surface_transparency": 0.50,
      "water_fog_color": "#F5C6F0"
    },
    "forest": {
      "fog_identifier": "universalpack:custom_fog_forest",
      "inherit_from_prior_fog": true,
      "water_surface_color": "#F5C6F0",
      "water_surface_transparency": 0.50,
      "water_fog_color": "#F5C6F0"
    },
    "flower_forest": {
      "fog_identifier": "universalpack:custom_fog_forest",
      "inherit_from_prior_fog": true,
      "water_surface_color": "#F5C6F0",
      "water_surface_transparency": 0.50,
      "water_fog_color": "#F5C6F0"
    },
    "taiga": {
      "fog_identifier": "universalpack:custom_fog_taiga",
      "inherit_from_prior_fog": true,
      "water_surface_color": "#F5C6F0",
      "water_surface_transparency": 0.50,
      "water_fog_color": "#F5C6F0"
    },
    "taiga_mutated": {
      "fog_identifier": "universalpack:custom_fog_taiga",
      "inherit_from_prior_fog": true,
      "water_surface_color": "#F5C6F0",
      "water_surface_transparency": 0.50,
      "water_fog_color": "#F5C6F0"
    },
    "swampland": {
      "fog_identifier": "universalpack:custom_fog_swampland",
      "inherit_from_prior_fog": true,
      "water_surface_color": "#4c5559",
      "water_surface_transparency": 5.00,
      "water_fog_color": "#4c5559",
      "water_fog_distance": 5
    },
    "swampland_mutated": {
      "fog_identifier": "universalpack:custom_fog_swampland",
      "inherit_from_prior_fog": true,
      "water_surface_color": "#4c5155",
      "water_surface_transparency": 0.05,
      "water_fog_color": "#4c5155",
      "water_fog_distance": 5
    },
    "river": {
      "fog_identifier": "universalpack:custom_fog_river",
      "inherit_from_prior_fog": true,
      "water_surface_color": "#F5C6F0",
      "water_surface_transparency": 0.50,
      "water_fog_color": "#F5C6F0",
      "water_fog_distance": 35
    },
    "hell": {
      "fog_identifier": "universalpack:custom_fog_hell",
      "inherit_from_prior_fog": true,
      "water_surface_color": "#905957",
      "water_surface_transparency": 0.50,
      "water_fog_color": "#905957"
    },
    "the_end": {
      "fog_identifier": "universalpack:custom_fog_the_end",
      "inherit_from_prior_fog": true,
      "water_surface_color": "#5E0D97",
      "water_surface_transparency": 0.50,
      "water_fog_color": "#5E0D97"
    },
    "frozen river": {
      "fog_identifier": "universalpack:custom_fog_snow_river",
      "inherit_from_prior_fog": true,
      "water_surface_color": "#F5C6F0",
      "water_surface_transparency": 0.05,
      "water_fog_color": "#F5C6F0",
      "water_fog_distance": 158
    },
    "ice_plains": {
      "fog_identifier": "universalpack:custom_fog_snow",
      "inherit_from_prior_fog": true,
      "water_surface_color": "#F5C6F0",
      "water_surface_transparency": 0.05,
      "water_fog_color": "#F5C6F0"
    },
    "ice_plains_spikes": {
      "fog_identifier": "universalpack:custom_fog_snow",
      "inherit_from_prior_fog": true,
      "water_surface_color": "#F5C6F0",
      "water_surface_transparency": 0.05,
      "water_fog_color": "#F5C6F0"
    },
    "ice_mountains": {
      "fog_identifier": "universalpack:custom_fog_snow",
      "inherit_from_prior_fog": true,
      "water_surface_color": "#F5C6F0",
      "water_surface_transparency": 0.05,
      "water_fog_color": "#F5C6F0"
    },
    "mushroom_island": {
      "fog_identifier": "universalpack:custom_fog_mushroom_island",
      "inherit_from_prior_fog": true,
      "water_surface_color": "#F5C6F0",
      "water_surface_transparency": 0.50,
      "water_fog_color": "#F5C6F0"
    },
    "mushroom_island_shore": {
      "fog_identifier": "universalpack:custom_fog_mushroom_island",
      "inherit_from_prior_fog": true,
      "water_surface_color": "#F5C6F0",
      "water_surface_transparency": 0.50,
      "water_fog_color": "#F5C6F0"
    },
    "beach": {
      "fog_identifier": "universalpack:custom_fog_beach",
      "inherit_from_prior_fog": true,
      "water_surface_color": "#F5C6F0",
      "water_surface_transparency": 0.50,
      "water_fog_color": "#F5C6F0",
      "water_fog_distance": 35
    },
    "desert_hills": {
      "fog_identifier": "universalpack:custom_fog_desert",
      "inherit_from_prior_fog": true,
      "water_surface_color": "#F5C6F0",
      "water_surface_transparency": 0.50,
      "water_fog_color": "#F5C6F0"
    },
    "forest_hills": {
      "fog_identifier": "universalpack:custom_fog_forest",
      "inherit_from_prior_fog": true,
      "water_surface_color": "#F5C6F0",
      "water_surface_transparency": 0.50,
      "water_fog_color": "#F5C6F0"
    },
    "taiga_hills": {
      "fog_identifier": "universalpack:custom_fog_taiga",
      "inherit_from_prior_fog": true,
      "water_surface_color": "#F5C6F0",
      "water_surface_transparency": 0.50,
      "water_fog_color": "#F5C6F0"
    },
    "extreme_hills_edge": {
      "fog_identifier": "universalpack:custom_fog_extreme_hills",
      "inherit_from_prior_fog": true,
      "water_surface_color": "#F5C6F0",
      "water_surface_transparency": 0.50,
      "water_fog_color": "#F5C6F0"
    },
    "jungle": {
      "fog_identifier": "universalpack:custom_fog_jungle",
      "inherit_from_prior_fog": true,
      "water_surface_color": "#F5C6F0",
      "water_surface_transparency": 0.50,
      "water_fog_color": "#F5C6F0"
    },
    "jungle_mutated": {
      "fog_identifier": "universalpack:custom_fog_jungle",
      "inherit_from_prior_fog": true,
      "water_surface_color": "#F5C6F0",
      "water_surface_transparency": 0.50,
      "water_fog_color": "#F5C6F0"
    },
    "jungle_hills": {
      "fog_identifier": "universalpack:custom_fog_jungle",
      "inherit_from_prior_fog": true,
      "water_surface_color": "#F5C6F0",
      "water_surface_transparency": 0.50,
      "water_fog_color": "#F5C6F0"
    },
    "jungle_edge": {
      "fog_identifier": "universalpack:custom_fog_jungle",
      "inherit_from_prior_fog": true,
      "water_surface_color": "#F5C6F0",
      "water_surface_transparency": 0.50,
      "water_fog_color": "#F5C6F0"
    },
    "stone_beach": {
      "fog_identifier": "universalpack:custom_fog_stone_beach",
      "inherit_from_prior_fog": true,
      "water_surface_color": "#F5C6F0",
      "water_surface_transparency": 0.50,
      "water_fog_color": "#F5C6F0"
    },
    "cold_beach": {
      "fog_identifier": "universalpack:custom_fog_cold_beach",
      "inherit_from_prior_fog": true,
      "water_surface_color": "#F5C6F0",
      "water_surface_transparency": 0.50,
      "water_fog_color": "#F5C6F0",
      "water_fog_distance": 54
    },
    "birch_forest": {
      "fog_identifier": "universalpack:custom_fog_birch_forest",
      "inherit_from_prior_fog": true,
      "water_surface_color": "#F5C6F0",
      "water_surface_transparency": 0.50,
      "water_fog_color": "#F5C6F0"
    },
    "birch_forest_hills": {
      "fog_identifier": "universalpack:custom_fog_birch_forest",
      "inherit_from_prior_fog": true,
      "water_surface_color": "#F5C6F0",
      "water_surface_transparency": 0.50,
      "water_fog_color": "#F5C6F0"
    },
    "roofed_forest": {
      "fog_identifier": "universalpack:custom_fog_dark_forest",
      "inherit_from_prior_fog": true,
      "water_surface_color": "#F5C6F0",
      "water_surface_transparency": 0.50,
      "water_fog_color": "#F5C6F0"
    },
    "cold_taiga": {
      "fog_identifier": "universalpack:custom_fog_snow_taiga",
      "inherit_from_prior_fog": true,
      "water_surface_color": "#F5C6F0",
      "water_surface_transparency": 0.50,
      "water_fog_color": "#F5C6F0"
    },
    "cold_taiga_mutated": {
      "fog_identifier": "universalpack:custom_fog_snow_taiga",
      "inherit_from_prior_fog": true,
      "water_surface_color": "#F5C6F0",
      "water_surface_transparency": 0.50,
      "water_fog_color": "#F5C6F0"
    },
    "cold_taiga_hills": {
      "fog_identifier": "universalpack:custom_fog_snow_taiga",
      "inherit_from_prior_fog": true,
      "water_surface_color": "#F5C6F0",
      "water_surface_transparency": 0.50,
      "water_fog_color": "#F5C6F0"
    },
    "mega_taiga": {
      "fog_identifier": "universalpack:custom_fog_spruce_redwood",
      "inherit_from_prior_fog": true,
      "water_surface_color": "#F5C6F0",
      "water_surface_transparency": 0.50,
      "water_fog_color": "#F5C6F0"
    },
    "mega_spruce_taiga": {
      "fog_identifier": "universalpack:custom_fog_spruce_redwood",
      "inherit_from_prior_fog": true,
      "water_surface_color": "#F5C6F0",
      "water_surface_transparency": 0.50,
      "water_fog_color": "#F5C6F0"
    },
    "mega_taiga_mutated": {
      "fog_identifier": "universalpack:custom_fog_spruce_redwood",
      "inherit_from_prior_fog": true,
      "water_surface_color": "#F5C6F0",
      "water_surface_transparency": 0.50,
      "water_fog_color": "#F5C6F0"
    },
    "mega_spruce_taiga_mutated": {
      "fog_identifier": "universalpack:custom_fog_spruce_redwood",
         "inherit_from_prior_fog": true,
      "water_surface_color": "#F5C6F0",
      "water_surface_transparency": 0.50,
      "water_fog_color": "#F5C6F0"
    },
    "mega_taiga_hills": {
      "fog_identifier": "universalpack:custom_fog_spruce_redwood",
      "inherit_from_prior_fog": true,
      "water_surface_color": "#F5C6F0",
      "water_surface_transparency": 0.50,
      "water_fog_color": "#F5C6F0"
    },
    "extreme_hills_plus_trees": {
      "fog_identifier": "universalpack:custom_fog_extreme_hills_plus_trees_mutated",
      "inherit_from_prior_fog": true,
      "water_surface_color": "#F5C6F0",
      "water_surface_transparency": 0.50,
      "water_fog_color": "#F5C6F0"
    },
    "extreme_hills_plus_trees_mutated": {
      "fog_identifier": "universalpack:custom_fog_extreme_hills_plus_trees_mutated",
      "inherit_from_prior_fog": true,
      "water_surface_color": "#F5C6F0",
      "water_surface_transparency": 0.50,
      "water_fog_color": "#F5C6F0"
    },
    "extreme_hills_mutated": {
      "fog_identifier": "universalpack:custom_fog_extreme_hills",
      "inherit_from_prior_fog": true,
      "water_surface_color": "#F5C6F0",
      "water_surface_transparency": 0.50,
      "water_fog_color": "#F5C6F0"
    },
    "savanna": {
      "fog_identifier": "universalpack:custom_fog_savanna",
      "inherit_from_prior_fog": true,
      "water_surface_color": "#F5C6F0",
      "water_surface_transparency": 0.50,
      "water_fog_color": "#F5C6F0"
    },
    "savanna_plateau": {
      "fog_identifier": "universalpack:custom_fog_savanna",
      "inherit_from_prior_fog": true,
      "water_surface_color": "#F5C6F0",
      "water_surface_transparency": 0.50,
      "water_fog_color": "#F5C6F0"
    },
    "savanna_mutated": {
      "fog_identifier": "universalpack:custom_fog_shattered_savanna",
      "inherit_from_prior_fog": true,
      "water_surface_color": "#F5C6F0",
      "water_surface_transparency": 0.50,
      "water_fog_color": "#F5C6F0"
    },
    "mesa": {
      "fog_identifier": "universalpack:custom_fog_mesa",
      "inherit_from_prior_fog": true,
      "water_surface_color": "#F5C6F0",
      "water_surface_transparency": 0.50,
      "water_fog_color": "#F5C6F0"
    },
    "mesa_bryce": {
      "fog_identifier": "universalpack:custom_fog_mesa",
      "inherit_from_prior_fog": true,
      "water_surface_color": "#F5C6F0",
      "water_surface_transparency": 0.50,
      "water_fog_color": "#F5C6F0"
    },
    "mesa_mutated": {
      "fog_identifier": "universalpack:custom_fog_mesa",
      "inherit_from_prior_fog": true,
      "water_surface_color": "#F5C6F0",
      "water_surface_transparency": 0.50,
      "water_fog_color": "#F5C6F0"
    },
    "mesa_plateau_stone": {
      "fog_identifier": "universalpack:custom_fog_mesa_trees",
      "inherit_from_prior_fog": true,
      "water_surface_color": "#F5C6F0",
      "water_surface_transparency": 0.50,
      "water_fog_color": "#F5C6F0"
    },
    "mesa_plateau": {
      "fog_identifier": "universalpack:custom_fog_mesa",
      "inherit_from_prior_fog": true,
      "water_surface_color": "#F5C6F0",
      "water_surface_transparency": 0.50,
      "water_fog_color": "#F5C6F0"
    },
    "ocean": {
      "fog_identifier": "universalpack:custom_fog_ocean",
      "inherit_from_prior_fog": true,
      "water_surface_color": "#F5C6F0",
      "water_surface_transparency": 0.50,
      "water_fog_color": "#F5C6F0",
      "water_fog_distance": 54
    },
    "deep_ocean": {
      "fog_identifier": "universalpack:custom_fog_deep_ocean",
      "inherit_from_prior_fog": true,
      "water_surface_color": "#F5C6F0",
      "water_surface_transparency": 0.50,
      "water_fog_color": "#F5C6F0",
      "water_fog_distance": 54
    },
    "warm_ocean": {
      "fog_identifier": "universalpack:custom_fog_warm_ocean",
      "inherit_from_prior_fog": true,
      "water_surface_color": "#F5C6F0",
      "water_surface_transparency": 0.50,
      "water_fog_color": "#F5C6F0",
      "water_fog_distance": 158
    },
    "deep_warm_ocean": {
      "fog_identifier": "universalpack:custom_fog_deep_warm_ocean",
      "inherit_from_prior_fog": true,
      "water_surface_color": "#F5C6F0",
      "water_surface_transparency": 0.50,
      "water_fog_color": "#F5C6F0",
      "water_fog_distance": 158
    },
    "lukewarm_ocean": {
      "fog_identifier": "universalpack:custom_fog_lukewarm_ocean",
      "inherit_from_prior_fog": true,
      "water_surface_color": "#F5C6F0",
      "water_surface_transparency": 0.50,
      "water_fog_color": "#F5C6F0",
      "water_fog_distance": 158
    },
    "deep_lukewarm_ocean": {
      "fog_identifier": "universalpack:custom_fog_deep_lukewarm_ocean",
      "inherit_from_prior_fog": true,
      "water_surface_color": "#F5C6F0",
      "water_surface_transparency": 0.50,
      "water_fog_color": "#F5C6F0",
      "water_fog_distance": 158
    },
    "cold_ocean": {
      "fog_identifier": "universalpack:custom_fog_cold_ocean",
      "inherit_from_prior_fog": true,
      "water_surface_color": "#F5C6F0",
      "water_surface_transparency": 0.50,
      "water_fog_color": "#F5C6F0",
      "water_fog_distance": 158
    },
    "deep_cold_ocean": {
      "fog_identifier": "universalpack:custom_fog_deep_cold_ocean",
      "inherit_from_prior_fog": true,
      "water_surface_color": "#F5C6F0",
      "water_surface_transparency": 0.50,
      "water_fog_color": "#F5C6F0",
      "water_fog_distance": 158
    },
    "frozen_ocean": {
      "fog_identifier": "universalpack:custom_fog_frozen_ocean",
      "inherit_from_prior_fog": true,
      "water_surface_color": "#F5C6F0",
      "water_surface_transparency": 0.50,
      "water_fog_color": "#F5C6F0",
      "water_fog_distance": 158
    },
    "deep_frozen_ocean": {
      "fog_identifier": "universalpack:custom_fog_deep_frozen_ocean",
      "inherit_from_prior_fog": true,
      "water_surface_color": "#F5C6F0",
      "water_surface_transparency": 0.50,
      "water_fog_color": "#F5C6F0",
      "water_fog_distance": 158
    }
  }
}
