{
  "format_version": "1.16.100",
  "minecraft:fog_settings": {
    "description": {
      "identifier": "newb:fog_default"
    },
    "distance": {
      "air": {
        "fog_start": 0.52,
        "fog_end": 0.0,
        "fog_color": "#3FE2FF",
        "render_distance_type": "render"
      },
      "water": {
        "fog_start": 0,
        "fog_end": 120.0,
        "fog_color": "#44AFF5",
        "render_distance_type": "fixed"
      },
      "weather": {
        "fog_start": 0.23,
        "fog_end": 0.7,
        "fog_color": "#666666",
        "render_distance_type": "render"
      },
      "lava": {
        "fog_start": 0.0,
        "fog_end": 30.64,
        "fog_color": "#991A00",
        "render_distance_type": "fixed"
      },
      "lava_resistance": {
        "fog_start": 0.0,
        "fog_end": 35.0,
        "fog_color": "#991A00",
        "render_distance_type": "fixed"
      }
    }
  }
}